fees,exit_cost,exit,s7_edge_c,s7_t,s7_growth,s7_bets,s11_edge_c,s11_t,s11_growth,s11_bets
flat0,0.015,hold,1.523,2.85,0.0,0,0.176,2.89,0.0,0
flat0,0.015,6h,-3.185,-11.91,0.0,0,-3.347,-15.12,0.0,0
flat0,0.015,24h,-2.655,-5.57,0.0,0,-2.931,-5.5,0.0,0
flat0,0.015,72h,-1.871,-1.26,0.0,0,-2.327,-2.0,0.0,0
flat0,0.03,6h,-4.674,-17.74,0.0,0,-4.859,-22.38,0.0,0
flat0,0.03,24h,-4.119,-9.1,0.0,0,-4.381,-9.34,0.0,0
flat0,0.03,72h,-3.178,-3.15,0.0,0,-3.63,-4.24,0.0,0
pm2026,0.015,hold,0.602,2.15,0.0,0,-0.759,2.0,0.0,0
pm2026,0.015,6h,-5.078,-18.66,0.0,0,-5.256,-23.56,0.0,0
pm2026,0.015,24h,-4.483,-9.58,0.0,0,-4.771,-10.01,0.0,0
pm2026,0.015,72h,-3.543,-3.49,0.0,0,-4.008,-4.75,0.0,0
pm2026,0.03,6h,-6.586,-24.54,0.0,0,-6.789,-30.84,0.0,0
pm2026,0.03,24h,-5.966,-13.16,0.0,0,-6.24,-13.89,0.0,0
pm2026,0.03,72h,-4.868,-5.39,0.0,0,-5.329,-7.01,0.0,0
flat0.07,0.015,hold,0.237,1.88,0.0,0,-1.105,1.68,0.0,0
flat0.07,0.015,6h,-5.814,-21.27,0.0,0,-5.96,-26.38,0.0,0
flat0.07,0.015,24h,-5.194,-11.15,0.0,0,-5.451,-11.62,0.0,0
flat0.07,0.015,72h,-4.198,-4.37,0.0,0,-4.631,-5.74,0.0,0
flat0.07,0.03,6h,-7.33,-27.17,0.0,0,-7.5,-33.65,0.0,0
flat0.07,0.03,24h,-6.684,-14.75,0.0,0,-6.927,-15.51,0.0,0
flat0.07,0.03,72h,-5.529,-6.28,0.0,0,-5.958,-7.99,0.0,0
