iter,note,basis,score,threshold,min_res,min_mkts,min_usd,px_lo,px_hi,latency_s,assumed_half_spread,exec_cost,impact,fee_rate,kelly,max_bet_frac,max_mkt_frac,max_stake_vs_their,calib_n0,calib_min,calib_buckets,calib_linear,min_edge,first_only,flow_h,min_flow,exit_h,s7_g,s7_sr,s7_dd,s7_n,s7_edge,s7_t,s11_g,s11_sr,s11_dd,s11_n,s11_edge,s11_t,obj,null7_g,null7_sr,null7_dd,null7_n,null7_edge,null7_t
I0,oracle skill<=-1.0,oracle,tstat,-1.0,30,5,0.0,0.05,0.95,60,0.01,0.01,0.02,0.0,0.25,0.05,0.1,1.0,300.0,200,False,False,0.005,False,0.0,0.0,0.0,0.15154872259707702,1.1804145500929126,0.11056411864839655,443,0.010591999363417816,3.9293330999031535,0.19974574430282854,0.8046359789341622,0.17684395928189722,2160,0.025224602228809463,4.1902327639568995,0.17564723344995278,,,,,,
I0,oracle skill<=-0.6,oracle,tstat,-0.6,30,5,0.0,0.05,0.95,60,0.01,0.01,0.02,0.0,0.25,0.05,0.1,1.0,300.0,200,False,False,0.005,False,0.0,0.0,0.0,0.15317900461214415,0.8244540312085833,0.1022407970617848,590,0.009355907142882395,3.996308389371547,0.061908018898869016,0.28050578174038593,0.12031480373240289,1103,0.022651324963945677,6.179655535512117,0.10754351175550658,,,,,,
I1,baseline raw-PnL t-stat,res,tstat,-2.0,30,5,0.0,0.05,0.95,60,0.01,0.01,0.02,0.0,0.25,0.05,0.1,1.0,300.0,200,True,False,0.005,False,0.0,0.0,0.0,-1.0963524167629761,-1.3005039058679675,0.7647713035387397,1453,-0.009403535667136502,-3.582992156216829,-0.2660607943117158,-0.3941906344386962,0.7144605822022668,786,-0.009178613251598135,-1.3811928578499695,-inf,-2.9567684712611615,-2.854872449846422,0.9608030539295511,1420.0,-0.007405934795026466,-6.304623590570133
I2,quick-grid winner,mo1d,roi,-0.1,30,5,0.0,0.05,0.95,60,0.01,0.01,0.02,0.0,0.25,0.05,0.1,1.0,300.0,200,False,False,0.005,False,0.0,0.0,0.0,0.09570216953700468,1.0523661434975955,0.0740333510152924,117,0.027180028767408732,1.0646660905782834,0.0065754385839207645,2.228372491081132,0.00040987109389545306,2,-0.028004840668151582,-0.8149782474859392,-inf,0.026452443532220284,0.7361749443192839,0.017906263405136236,19.0,0.04299587940678335,0.8767616126932305
I3,res roi<=-0.05 n>=30 min_edge=0.0,res,roi,-0.05,30,5,0.0,0.05,0.95,60,0.01,0.01,0.02,0.0,0.25,0.05,0.1,1.0,300.0,200,False,False,0.0,False,0.0,0.0,0.0,0.0,0.0,0.0,0,-0.0099806916152144,-5.727954787919057,0.0,0.0,0.0,0,-0.006157469757154449,-2.8752386904264227,-inf,0.0,0.0,0.0,0.0,-0.008724861158534285,-8.682982707411195
I3,res roi<=-0.05 n>=30 min_edge=0.005,res,roi,-0.05,30,5,0.0,0.05,0.95,60,0.01,0.01,0.02,0.0,0.25,0.05,0.1,1.0,300.0,200,False,False,0.005,False,0.0,0.0,0.0,0.0,0.0,0.0,0,-0.0099806916152144,-5.727954787919057,0.0,0.0,0.0,0,-0.006157469757154449,-2.8752386904264227,-inf,0.0,0.0,0.0,0.0,-0.008724861158534285,-8.682982707411195
I3,res roi<=-0.05 n>=100 min_edge=0.0,res,roi,-0.05,100,5,0.0,0.05,0.95,60,0.01,0.01,0.02,0.0,0.25,0.05,0.1,1.0,300.0,200,False,False,0.0,False,0.0,0.0,0.0,0.0,0.0,0.0,0,-0.01020420912974443,-5.391600967338088,0.0,0.0,0.0,0,-0.006145805979504621,-2.8381961611985935,-inf,0.0,0.0,0.0,0.0,-0.008535548283799528,-7.985279249983557
I3,res roi<=-0.05 n>=100 min_edge=0.005,res,roi,-0.05,100,5,0.0,0.05,0.95,60,0.01,0.01,0.02,0.0,0.25,0.05,0.1,1.0,300.0,200,False,False,0.005,False,0.0,0.0,0.0,0.0,0.0,0.0,0,-0.01020420912974443,-5.391600967338088,0.0,0.0,0.0,0,-0.006145805979504621,-2.8381961611985935,-inf,0.0,0.0,0.0,0.0,-0.008535548283799528,-7.985279249983557
I3,res roi<=-0.1 n>=30 min_edge=0.0,res,roi,-0.1,30,5,0.0,0.05,0.95,60,0.01,0.01,0.02,0.0,0.25,0.05,0.1,1.0,300.0,200,False,False,0.0,False,0.0,0.0,0.0,0.0,0.0,0.0,0,-0.009791926150995512,-5.540344748558301,0.0,0.0,0.0,0,-0.005979158684947825,-2.3319657171766828,-inf,0.0,0.0,0.0,0.0,-0.008142795689858626,-8.314278829388446
I3,res roi<=-0.1 n>=30 min_edge=0.005,res,roi,-0.1,30,5,0.0,0.05,0.95,60,0.01,0.01,0.02,0.0,0.25,0.05,0.1,1.0,300.0,200,False,False,0.005,False,0.0,0.0,0.0,0.0,0.0,0.0,0,-0.009791926150995512,-5.540344748558301,0.0,0.0,0.0,0,-0.005979158684947825,-2.3319657171766828,-inf,0.0,0.0,0.0,0.0,-0.008142795689858626,-8.314278829388446
I3,res roi<=-0.1 n>=100 min_edge=0.0,res,roi,-0.1,100,5,0.0,0.05,0.95,60,0.01,0.01,0.02,0.0,0.25,0.05,0.1,1.0,300.0,200,False,False,0.0,False,0.0,0.0,0.0,0.0,0.0,0.0,0,-0.010271625464094967,-5.348262611877474,0.0,0.0,0.0,0,-0.005825248176729564,-2.273597292702662,-inf,0.0,0.0,0.0,0.0,-0.00825762877702249,-7.779238834258476
I3,res roi<=-0.1 n>=100 min_edge=0.005,res,roi,-0.1,100,5,0.0,0.05,0.95,60,0.01,0.01,0.02,0.0,0.25,0.05,0.1,1.0,300.0,200,False,False,0.005,False,0.0,0.0,0.0,0.0,0.0,0.0,0,-0.010271625464094967,-5.348262611877474,0.0,0.0,0.0,0,-0.005825248176729564,-2.273597292702662,-inf,0.0,0.0,0.0,0.0,-0.00825762877702249,-7.779238834258476
I3,res roi<=-0.2 n>=30 min_edge=0.0,res,roi,-0.2,30,5,0.0,0.05,0.95,60,0.01,0.01,0.02,0.0,0.25,0.05,0.1,1.0,300.0,200,False,False,0.0,False,0.0,0.0,0.0,0.0,0.0,0.0,0,-0.008223091834480901,-1.9424941816937074,0.0,0.0,0.0,0,-0.0032088185830707904,0.11984551935250494,-inf,0.0,0.0,0.0,0.0,-0.007202379123415333,-4.255194739218198
I3,res roi<=-0.2 n>=30 min_edge=0.005,res,roi,-0.2,30,5,0.0,0.05,0.95,60,0.01,0.01,0.02,0.0,0.25,0.05,0.1,1.0,300.0,200,False,False,0.005,False,0.0,0.0,0.0,0.0,0.0,0.0,0,-0.008223091834480901,-1.9424941816937074,0.0,0.0,0.0,0,-0.0032088185830707904,0.11984551935250494,-inf,0.0,0.0,0.0,0.0,-0.007202379123415333,-4.255194739218198
I3,res roi<=-0.2 n>=100 min_edge=0.0,res,roi,-0.2,100,5,0.0,0.05,0.95,60,0.01,0.01,0.02,0.0,0.25,0.05,0.1,1.0,300.0,200,False,False,0.0,False,0.0,0.0,0.0,0.0,0.0,0.0,0,-0.009527973578991624,-1.8236969670374754,0.0,0.0,0.0,0,-0.0025434555432332293,0.27147563375446754,-inf,0.0,0.0,0.0,0.0,-0.007844755464027447,-3.4625965794589018
I3,res roi<=-0.2 n>=100 min_edge=0.005,res,roi,-0.2,100,5,0.0,0.05,0.95,60,0.01,0.01,0.02,0.0,0.25,0.05,0.1,1.0,300.0,200,False,False,0.005,False,0.0,0.0,0.0,0.0,0.0,0.0,0,-0.009527973578991624,-1.8236969670374754,0.0,0.0,0.0,0,-0.0025434555432332293,0.27147563375446754,-inf,0.0,0.0,0.0,0.0,-0.007844755464027447,-3.4625965794589018
I3,res roi<=-0.3 n>=30 min_edge=0.0,res,roi,-0.3,30,5,0.0,0.05,0.95,60,0.01,0.01,0.02,0.0,0.25,0.05,0.1,1.0,300.0,200,False,False,0.0,False,0.0,0.0,0.0,0.0,0.0,0.0,0,0.0017065463772626688,1.1849541645351587,0.0,0.0,0.0,0,0.002036817585996411,2.665816347910689,-inf,0.0,0.0,0.0,0.0,-0.005533233133775651,-1.5268653036429343
I3,res roi<=-0.3 n>=30 min_edge=0.005,res,roi,-0.3,30,5,0.0,0.05,0.95,60,0.01,0.01,0.02,0.0,0.25,0.05,0.1,1.0,300.0,200,False,False,0.005,False,0.0,0.0,0.0,0.0,0.0,0.0,0,0.0017065463772626688,1.1849541645351587,0.0,0.0,0.0,0,0.002036817585996411,2.665816347910689,-inf,0.0,0.0,0.0,0.0,-0.005533233133775651,-1.5268653036429343
I3,res roi<=-0.3 n>=100 min_edge=0.0,res,roi,-0.3,100,5,0.0,0.05,0.95,60,0.01,0.01,0.02,0.0,0.25,0.05,0.1,1.0,300.0,200,False,False,0.0,False,0.0,0.0,0.0,0.0,0.0,0.0,0,0.0023221744114298574,1.488171747974893,-0.0004945819486860327,-1.1605984036808663,0.0005084870009531839,36,0.005584801213562596,3.442900234876222,-inf,0.0,0.0,0.0,0.0,-0.006680478201379116,-0.5526887432374722
I3,res roi<=-0.3 n>=100 min_edge=0.005,res,roi,-0.3,100,5,0.0,0.05,0.95,60,0.01,0.01,0.02,0.0,0.25,0.05,0.1,1.0,300.0,200,False,False,0.005,False,0.0,0.0,0.0,0.0,0.0,0.0,0,0.0023221744114298574,1.488171747974893,0.0,0.0,0.0,0,0.005584801213562596,3.442900234876222,-inf,0.0,0.0,0.0,0.0,-0.006680478201379116,-0.5526887432374722
I3,res_mid roi<=-0.05 n>=30 min_edge=0.0,res_mid,roi,-0.05,30,5,0.0,0.05,0.95,60,0.01,0.01,0.02,0.0,0.25,0.05,0.1,1.0,300.0,200,False,False,0.0,False,0.0,0.0,0.0,0.0,0.0,0.0,0,-0.009470784097816208,-5.201413066459237,0.0,0.0,0.0,0,-0.006102166375856335,-2.3616814655056597,-inf,0.0,0.0,0.0,0.0,-0.008654525350258924,-8.358552306126526
I3,res_mid roi<=-0.05 n>=30 min_edge=0.005,res_mid,roi,-0.05,30,5,0.0,0.05,0.95,60,0.01,0.01,0.02,0.0,0.25,0.05,0.1,1.0,300.0,200,False,False,0.005,False,0.0,0.0,0.0,0.0,0.0,0.0,0,-0.009470784097816208,-5.201413066459237,0.0,0.0,0.0,0,-0.006102166375856335,-2.3616814655056597,-inf,0.0,0.0,0.0,0.0,-0.008654525350258924,-8.358552306126526
I3,res_mid roi<=-0.05 n>=100 min_edge=0.0,res_mid,roi,-0.05,100,5,0.0,0.05,0.95,60,0.01,0.01,0.02,0.0,0.25,0.05,0.1,1.0,300.0,200,False,False,0.0,False,0.0,0.0,0.0,0.0,0.0,0.0,0,-0.010161230296244305,-5.04885758086962,0.0,0.0,0.0,0,-0.005830601325596988,-2.0958408649439244,-inf,0.0,0.0,0.0,0.0,-0.00866062552173076,-7.786786489509451
I3,res_mid roi<=-0.05 n>=100 min_edge=0.005,res_mid,roi,-0.05,100,5,0.0,0.05,0.95,60,0.01,0.01,0.02,0.0,0.25,0.05,0.1,1.0,300.0,200,False,False,0.005,False,0.0,0.0,0.0,0.0,0.0,0.0,0,-0.010161230296244305,-5.04885758086962,0.0,0.0,0.0,0,-0.005830601325596988,-2.0958408649439244,-inf,0.0,0.0,0.0,0.0,-0.00866062552173076,-7.786786489509451
I3,res_mid roi<=-0.1 n>=30 min_edge=0.0,res_mid,roi,-0.1,30,5,0.0,0.05,0.95,60,0.01,0.01,0.02,0.0,0.25,0.05,0.1,1.0,300.0,200,False,False,0.0,False,0.0,0.0,0.0,0.0,0.0,0.0,0,-0.008932928534441999,-2.31206681342776,0.0,0.0,0.0,0,-0.004531943546450508,-0.3884729593839181,-inf,0.0,0.0,0.0,0.0,-0.00839112736932035,-5.0696121881319085
I3,res_mid roi<=-0.1 n>=30 min_edge=0.005,res_mid,roi,-0.1,30,5,0.0,0.05,0.95,60,0.01,0.01,0.02,0.0,0.25,0.05,0.1,1.0,300.0,200,False,False,0.005,False,0.0,0.0,0.0,0.0,0.0,0.0,0,-0.008932928534441999,-2.31206681342776,0.0,0.0,0.0,0,-0.004531943546450508,-0.3884729593839181,-inf,0.0,0.0,0.0,0.0,-0.00839112736932035,-5.0696121881319085
I3,res_mid roi<=-0.1 n>=100 min_edge=0.0,res_mid,roi,-0.1,100,5,0.0,0.05,0.95,60,0.01,0.01,0.02,0.0,0.25,0.05,0.1,1.0,300.0,200,False,False,0.0,False,0.0,0.0,0.0,0.0,0.0,0.0,0,-0.009957001800375566,-2.1350684146526326,0.0,0.0,0.0,0,-0.003816859640826438,0.02143394242222909,-inf,0.0,0.0,0.0,0.0,-0.008380329164747543,-3.7775403201498965
I3,res_mid roi<=-0.1 n>=100 min_edge=0.005,res_mid,roi,-0.1,100,5,0.0,0.05,0.95,60,0.01,0.01,0.02,0.0,0.25,0.05,0.1,1.0,300.0,200,False,False,0.005,False,0.0,0.0,0.0,0.0,0.0,0.0,0,-0.009957001800375566,-2.1350684146526326,0.0,0.0,0.0,0,-0.003816859640826438,0.02143394242222909,-inf,0.0,0.0,0.0,0.0,-0.008380329164747543,-3.7775403201498965
I3,res_mid roi<=-0.2 n>=30 min_edge=0.0,res_mid,roi,-0.2,30,5,0.0,0.05,0.95,60,0.01,0.01,0.02,0.0,0.25,0.05,0.1,1.0,300.0,200,False,False,0.0,False,0.0,0.0,0.0,0.0,0.0,0.0,0,-0.0008966609283286392,0.3244639630915,0.0,0.0,0.0,0,0.0016505964234775658,2.4798917788129837,-inf,0.0,0.0,0.0,0.0,-0.005220512674758729,-1.4511621362882108
I3,res_mid roi<=-0.2 n>=30 min_edge=0.005,res_mid,roi,-0.2,30,5,0.0,0.05,0.95,60,0.01,0.01,0.02,0.0,0.25,0.05,0.1,1.0,300.0,200,False,False,0.005,False,0.0,0.0,0.0,0.0,0.0,0.0,0,-0.0008966609283286392,0.3244639630915,0.0,0.0,0.0,0,0.0016505964234775658,2.4798917788129837,-inf,0.0,0.0,0.0,0.0,-0.005220512674758729,-1.4511621362882108
I3,res_mid roi<=-0.2 n>=100 min_edge=0.0,res_mid,roi,-0.2,100,5,0.0,0.05,0.95,60,0.01,0.01,0.02,0.0,0.25,0.05,0.1,1.0,300.0,200,False,False,0.0,False,0.0,0.0,0.0,0.0,0.0,0.0,0,-0.0013353311592289847,0.5256007375068548,0.0,0.0,0.0,0,0.005655580692376646,3.3031405574376556,-inf,0.0,0.0,0.0,0.0,-0.007464676822000234,-0.2774895810065394
I3,res_mid roi<=-0.2 n>=100 min_edge=0.005,res_mid,roi,-0.2,100,5,0.0,0.05,0.95,60,0.01,0.01,0.02,0.0,0.25,0.05,0.1,1.0,300.0,200,False,False,0.005,False,0.0,0.0,0.0,0.0,0.0,0.0,0,-0.0013353311592289847,0.5256007375068548,0.0,0.0,0.0,0,0.005655580692376646,3.3031405574376556,-inf,0.0,0.0,0.0,0.0,-0.007464676822000234,-0.2774895810065394
I3,res_mid roi<=-0.3 n>=30 min_edge=0.0,res_mid,roi,-0.3,30,5,0.0,0.05,0.95,60,0.01,0.01,0.02,0.0,0.25,0.05,0.1,1.0,300.0,200,False,False,0.0,False,0.0,0.0,0.0,-0.016085733566711093,-0.6030756645099385,0.022288643086275317,682,0.012200717210466722,2.3286861667582546,0.0,0.0,0.0,0,-0.0004179717525167157,1.97176567860597,-inf,-0.0021873733418434913,-0.34579953804104785,0.008333154965107004,46.0,0.0020782960320274743,0.399871230952414
I3,res_mid roi<=-0.3 n>=30 min_edge=0.005,res_mid,roi,-0.3,30,5,0.0,0.05,0.95,60,0.01,0.01,0.02,0.0,0.25,0.05,0.1,1.0,300.0,200,False,False,0.005,False,0.0,0.0,0.0,0.0,0.0,0.0,0,0.012200717210466722,2.3286861667582546,0.0,0.0,0.0,0,-0.0004179717525167157,1.97176567860597,-inf,0.0,0.0,0.0,0.0,0.0020782960320274743,0.399871230952414
I3,res_mid roi<=-0.3 n>=100 min_edge=0.0,res_mid,roi,-0.3,100,5,0.0,0.05,0.95,60,0.01,0.01,0.02,0.0,0.25,0.05,0.1,1.0,300.0,200,False,False,0.0,False,0.0,0.0,0.0,-0.00016506357637917696,-0.015472010254173281,0.01328041862258944,181,0.015627767512761653,2.6834510231800524,0.0,0.0,0.0,0,0.006922107179748952,2.326241292011171,-inf,-0.1654335304957844,-1.282531216102881,0.20733155069661957,535.0,-0.00048516520836373796,0.9309262606550762
I3,res_mid roi<=-0.3 n>=100 min_edge=0.005,res_mid,roi,-0.3,100,5,0.0,0.05,0.95,60,0.01,0.01,0.02,0.0,0.25,0.05,0.1,1.0,300.0,200,False,False,0.005,False,0.0,0.0,0.0,0.0,0.0,0.0,0,0.015627767512761653,2.6834510231800524,0.0,0.0,0.0,0,0.006922107179748952,2.326241292011171,-inf,0.04877584795597548,0.5434814850208526,0.08731127785582138,152.0,-0.00048516520836373796,0.9309262606550762
I4,first trade per wallet-market only,res_mid,roi,-0.3,100,5,0.0,0.05,0.95,60,0.01,0.01,0.02,0.0,0.25,0.05,0.1,1.0,300.0,200,False,False,0.0,True,0.0,0.0,0.0,0.06644660992989553,0.3548355904044498,0.15997581098651792,1613,0.016252976918931437,2.5310034330203424,0.0,0.0,0.0,0,0.009993479046504036,2.496763065354137,-inf,-0.011365136008559993,-0.8170766648284745,0.019939714129121544,24.0,0.003999978961436146,0.6075605449775296
I5,flow 6.0h >= $0.0,res_mid,roi,-0.3,100,5,0.0,0.05,0.95,60,0.01,0.01,0.02,0.0,0.25,0.05,0.1,1.0,300.0,200,False,False,0.0,True,6.0,0.0,0.0,0.06263243923256655,0.3616352320638161,0.15101004850894106,1487,0.017019055212488903,2.536629214652627,0.0,0.0,0.0,0,0.010229704723487663,2.3495893574322233,-inf,-0.012206899072933059,-0.831762358766095,0.02113771499183903,24.0,0.003999978961436146,0.6075605449775296
I5,flow 6.0h >= $100.0,res_mid,roi,-0.3,100,5,0.0,0.05,0.95,60,0.01,0.01,0.02,0.0,0.25,0.05,0.1,1.0,300.0,200,False,False,0.0,True,6.0,100.0,0.0,0.04119551730521468,0.406445433124386,0.08762130170690341,321,0.01964727420378622,0.8197039040691279,-0.02135546499114529,-1.4425601330252176,0.03132644673648588,135,0.014476862095809997,0.8672064961026601,-inf,0.0,0.0,0.0,0.0,0.001337960041236292,0.3130734112848881
I5,flow 6.0h >= $500.0,res_mid,roi,-0.3,100,5,0.0,0.05,0.95,60,0.01,0.01,0.02,0.0,0.25,0.05,0.1,1.0,300.0,200,False,False,0.0,True,6.0,500.0,0.0,0.0,0.0,0.0,0,-0.16327608246759412,-1.4060425568271946,0.0,0.0,0.0,0,0.014221977468399412,0.4846968508530411,-inf,0.0,0.0,0.0,0.0,-0.1018121709422642,-0.8400559138275473
I5,flow 24.0h >= $0.0,res_mid,roi,-0.3,100,5,0.0,0.05,0.95,60,0.01,0.01,0.02,0.0,0.25,0.05,0.1,1.0,300.0,200,False,False,0.0,True,24.0,0.0,0.0,0.08704864185080254,0.502255977017113,0.13474389164886402,1423,0.018820248986726,2.220788818055802,0.0,0.0,0.0,0,0.012072947982538695,2.5476455893310868,-inf,-0.021181499010745113,-1.1031658818870729,0.028721607283172412,32.0,0.00829960810665791,0.7641265528209263
I5,flow 24.0h >= $100.0,res_mid,roi,-0.3,100,5,0.0,0.05,0.95,60,0.01,0.01,0.02,0.0,0.25,0.05,0.1,1.0,300.0,200,False,False,0.0,True,24.0,100.0,0.0,0.010222096990668488,0.1630092649878383,0.08228920875470169,248,0.014178538561409944,0.734927979112885,-0.002346161588788707,-0.5633563837036547,0.006188737792055976,28,0.004945519791060427,0.8900728283548889,-inf,0.0,0.0,0.0,0.0,0.005744120945327762,0.36798036961309105
I5,flow 24.0h >= $500.0,res_mid,roi,-0.3,100,5,0.0,0.05,0.95,60,0.01,0.01,0.02,0.0,0.25,0.05,0.1,1.0,300.0,200,False,False,0.0,True,24.0,500.0,0.0,0.0,0.0,0.0,0,-0.17161182083899443,-1.7877267356570279,0.0,0.0,0.0,0,-0.010175225239677675,0.14905803530414688,-inf,0.0,0.0,0.0,0.0,-0.1018121709422642,-0.8400559138275473
I6,exit after 6.0h,res_mid,roi,-0.3,100,5,0.0,0.05,0.95,60,0.01,0.01,0.02,0.0,0.25,0.05,0.1,1.0,300.0,200,False,False,0.0,True,0.0,0.0,6.0,0.0,0.0,0.0,0,-0.014420216947925772,-5.311595728008912,0.0,0.0,0.0,0,-0.017562728484298844,-8.590612630655121,-inf,0.0,0.0,0.0,0.0,-0.019331021037279236,-4.990412313386181
I6,exit after 24.0h,res_mid,roi,-0.3,100,5,0.0,0.05,0.95,60,0.01,0.01,0.02,0.0,0.25,0.05,0.1,1.0,300.0,200,False,False,0.0,True,0.0,0.0,24.0,0.0,0.0,0.0,0,-0.011452399759738453,-3.2276807654591546,0.0,0.0,0.0,0,-0.011154308053224102,-3.009334874572339,-inf,0.0,0.0,0.0,0.0,-0.01850017551978934,-3.104729619469374
I6,exit after 72.0h,res_mid,roi,-0.3,100,5,0.0,0.05,0.95,60,0.01,0.01,0.02,0.0,0.25,0.05,0.1,1.0,300.0,200,False,False,0.0,True,0.0,0.0,72.0,0.0,0.0,0.0,0,-0.0031707426074687826,0.13876368056276925,0.0,0.0,0.0,0,-0.006246216228298995,-0.9812005915842518,-inf,-0.0014891304204237427,-1.698215228184288,0.001678939163503701,10.0,-0.014795410491526096,-1.4329665436568808
I7,band 0.2-0.8,res_mid,roi,-0.3,100,5,0.0,0.2,0.8,60,0.01,0.01,0.02,0.0,0.25,0.05,0.1,1.0,300.0,200,False,False,0.0,True,0.0,0.0,0.0,0.029501576752341406,0.39970611665385924,0.06998421726794424,462,0.0175189080410005,1.7553137536814816,-0.0028091864299054736,-1.0136405384988585,0.004542834506949478,15,0.014702476980211938,2.1088485245748014,-inf,0.0,0.0,0.0,0.0,0.010215790187359412,0.5700354156706003
I7,band 0.1-0.9,res_mid,roi,-0.3,100,5,0.0,0.1,0.9,60,0.01,0.01,0.02,0.0,0.25,0.05,0.1,1.0,300.0,200,False,False,0.0,True,0.0,0.0,0.0,0.014253320665515733,0.12887806546746042,0.10382157535531822,778,0.011348751402235973,1.853963350407098,0.0,0.0,0.0,0,0.012209509003396743,2.7666060770114416,-inf,-0.003741960519662714,-0.9787003521955903,0.00395770763471659,7.0,-0.004202010352609808,0.4424779714989633
I7,band 0.3-0.95,res_mid,roi,-0.3,100,5,0.0,0.3,0.95,60,0.01,0.01,0.02,0.0,0.25,0.05,0.1,1.0,300.0,200,False,False,0.0,True,0.0,0.0,0.0,0.010469930685904556,0.25433210324900485,0.038322603755282514,261,0.019088862872158722,2.7696403194793624,0.0,0.0,0.0,0,0.017172698363373,3.658179143260601,-inf,0.0,0.0,0.0,0.0,0.006866451786252965,0.8597945348800635
I8,calib n0=100.0 buckets=False,res_mid,roi,-0.3,100,5,0.0,0.3,0.95,60,0.01,0.01,0.02,0.0,0.25,0.05,0.1,1.0,100.0,200,False,False,0.0,True,0.0,0.0,0.0,0.006942073445755567,0.11942594521000457,0.03632294756814347,352,0.019088862872158722,2.7696403194793624,0.0,0.0,0.0,0,0.017172698363373,3.658179143260601,-inf,0.0,0.0,0.0,0.0,0.006866451786252965,0.8597945348800635
I8,calib n0=100.0 buckets=True,res_mid,roi,-0.3,100,5,0.0,0.3,0.95,60,0.01,0.01,0.02,0.0,0.25,0.05,0.1,1.0,100.0,200,True,False,0.0,True,0.0,0.0,0.0,0.05252330604418983,0.48212692728381384,0.08428326712942169,375,0.019088862872158722,2.7696403194793624,-0.006464003104246889,-0.11874428228502254,0.06583517381645831,230,0.017172698363373,3.658179143260601,-inf,-0.015759572821629098,-0.487775910532667,0.03955731187025002,6.0,0.006866451786252965,0.8597945348800635
I8,calib n0=300.0 buckets=False,res_mid,roi,-0.3,100,5,0.0,0.3,0.95,60,0.01,0.01,0.02,0.0,0.25,0.05,0.1,1.0,300.0,200,False,False,0.0,True,0.0,0.0,0.0,0.010469930685904556,0.25433210324900485,0.038322603755282514,261,0.019088862872158722,2.7696403194793624,0.0,0.0,0.0,0,0.017172698363373,3.658179143260601,-inf,0.0,0.0,0.0,0.0,0.006866451786252965,0.8597945348800635
I8,calib n0=300.0 buckets=True,res_mid,roi,-0.3,100,5,0.0,0.3,0.95,60,0.01,0.01,0.02,0.0,0.25,0.05,0.1,1.0,300.0,200,True,False,0.0,True,0.0,0.0,0.0,-0.003892535076366363,-0.04475313905250729,0.07357619313403307,321,0.019088862872158722,2.7696403194793624,0.033324135445921686,0.9086305797344795,0.02790285311899332,164,0.017172698363373,3.658179143260601,-inf,-0.008072051716765987,-0.7612744160029408,0.01483535396232083,4.0,0.006866451786252965,0.8597945348800635
I8,calib n0=1000.0 buckets=False,res_mid,roi,-0.3,100,5,0.0,0.3,0.95,60,0.01,0.01,0.02,0.0,0.25,0.05,0.1,1.0,1000.0,200,False,False,0.0,True,0.0,0.0,0.0,0.020240246464773078,0.8444483497600614,0.014861879080718232,158,0.019088862872158722,2.7696403194793624,0.0,0.0,0.0,0,0.017172698363373,3.658179143260601,-inf,0.0,0.0,0.0,0.0,0.006866451786252965,0.8597945348800635
I8,calib n0=1000.0 buckets=True,res_mid,roi,-0.3,100,5,0.0,0.3,0.95,60,0.01,0.01,0.02,0.0,0.25,0.05,0.1,1.0,1000.0,200,True,False,0.0,True,0.0,0.0,0.0,0.014606379981582828,0.28222478821092417,0.036112626093749434,253,0.019088862872158722,2.7696403194793624,0.019148029312325055,0.8823559518892388,0.013074424880974989,114,0.017172698363373,3.658179143260601,0.01687720464695394,-0.002156715999707016,-0.8164185778800589,0.0038235398799846276,2.0,0.006866451786252965,0.8597945348800635
I8b,linear calib n0=100.0,res_mid,roi,-0.3,100,5,0.0,0.3,0.95,60,0.01,0.01,0.02,0.0,0.25,0.05,0.1,1.0,100.0,200,True,True,0.0,True,0.0,0.0,0.0,0.010171128251805097,0.1733596144468496,0.03593613976108756,337,0.019088862872158722,2.7696403194793624,-8.510479182436594e-05,-0.0352346486605884,0.002147551275131887,14,0.017172698363373,3.658179143260601,-inf,0.0,0.0,0.0,0.0,0.006866451786252965,0.8597945348800635
I8b,linear calib n0=300.0,res_mid,roi,-0.3,100,5,0.0,0.3,0.95,60,0.01,0.01,0.02,0.0,0.25,0.05,0.1,1.0,300.0,200,True,True,0.0,True,0.0,0.0,0.0,0.009482176378524082,0.22475379592324846,0.0383746154836313,264,0.019088862872158722,2.7696403194793624,-0.0003512807000748431,-0.4521604103683996,0.0007140876089993808,8,0.017172698363373,3.658179143260601,-inf,0.0,0.0,0.0,0.0,0.006866451786252965,0.8597945348800635
I8b,linear calib n0=1000.0,res_mid,roi,-0.3,100,5,0.0,0.3,0.95,60,0.01,0.01,0.02,0.0,0.25,0.05,0.1,1.0,1000.0,200,True,True,0.0,True,0.0,0.0,0.0,0.019417636483799395,0.8311234312750863,0.015404805807346489,162,0.019088862872158722,2.7696403194793624,-4.3664599559824914e-06,-0.03054715523118962,0.00015574799797557493,3,0.017172698363373,3.658179143260601,-inf,0.0,0.0,0.0,0.0,0.006866451786252965,0.8597945348800635
I8c,linear calib thr=-0.2 n0=300.0,res_mid,roi,-0.2,100,5,0.0,0.3,0.95,60,0.01,0.01,0.02,0.0,0.25,0.05,0.1,1.0,300.0,200,True,True,0.0,True,0.0,0.0,0.0,-0.030154417851428153,-1.852324047869914,0.03236747915659122,63,-0.0066622341637108656,1.8511718812961229,-0.021953771594646808,-1.4690461990348227,0.024620180943249137,166,0.015923662670885203,4.652879014565402,-inf,-0.00015218823155780097,-1.4101534926071333,0.0002294996510058267,1.0,-0.006132617276155453,0.8427944813341853
I8c,linear calib thr=-0.2 n0=1000.0,res_mid,roi,-0.2,100,5,0.0,0.3,0.95,60,0.01,0.01,0.02,0.0,0.25,0.05,0.1,1.0,1000.0,200,True,True,0.0,True,0.0,0.0,0.0,-0.00017721080774538904,-0.06662781496599764,0.0038748659385796635,14,-0.0066622341637108656,1.8511718812961229,-0.014188045702538283,-2.1411312573716783,0.015898687019352264,107,0.015923662670885203,4.652879014565402,-inf,0.0,0.0,0.0,0.0,-0.006132617276155453,0.8427944813341853
I8c,linear calib thr=-0.1 n0=300.0,res_mid,roi,-0.1,100,5,0.0,0.3,0.95,60,0.01,0.01,0.02,0.0,0.25,0.05,0.1,1.0,300.0,200,True,True,0.0,True,0.0,0.0,0.0,0.0005449447854548055,0.08451001365218425,0.007825470845513549,28,-0.011828524273247034,1.8646820466596827,-0.006374982304055529,-1.384369254329142,0.008042996043767903,30,0.0006957347776400296,3.8449155679887155,-inf,-0.0005651015642158851,-0.9641664859093615,0.0009518968793860161,1.0,-0.01310409039091693,0.7093747995612585
I8c,linear calib thr=-0.1 n0=1000.0,res_mid,roi,-0.1,100,5,0.0,0.3,0.95,60,0.01,0.01,0.02,0.0,0.25,0.05,0.1,1.0,1000.0,200,True,True,0.0,True,0.0,0.0,0.0,0.0009386637524161404,0.3842442310044752,0.003046251146424872,14,-0.011828524273247034,1.8646820466596827,0.0001277758406716609,0.09759754998063941,0.0016723785751909803,12,0.0006957347776400296,3.8449155679887155,-inf,0.0,0.0,0.0,0.0,-0.01310409039091693,0.7093747995612585
I9,kelly=0.1 max_bet=0.05,res_mid,roi,-0.3,100,5,0.0,0.3,0.95,60,0.01,0.01,0.02,0.0,0.1,0.05,0.1,1.0,1000.0,200,True,False,0.0,True,0.0,0.0,0.0,0.010028906175467233,0.3580054867427465,0.021049690487291772,412,0.019088862872158722,2.7696403194793624,0.006044119747041157,0.6124643973005486,0.008447627973530936,177,0.017172698363373,3.658179143260601,0.008036512961254195,-0.0008612235257778001,-0.8145703111806448,0.001531376230058168,2.0,0.006866451786252965,0.8597945348800635
I9,kelly=0.1 max_bet=0.1,res_mid,roi,-0.3,100,5,0.0,0.3,0.95,60,0.01,0.01,0.02,0.0,0.1,0.1,0.1,1.0,1000.0,200,True,False,0.0,True,0.0,0.0,0.0,0.010028906175467233,0.3580054867427465,0.021049690487291772,412,0.019088862872158722,2.7696403194793624,0.006044119747041157,0.6124643973005486,0.008447627973530936,177,0.017172698363373,3.658179143260601,0.008036512961254195,-0.0008612235257778001,-0.8145703111806448,0.001531376230058168,2.0,0.006866451786252965,0.8597945348800635
I9,kelly=0.25 max_bet=0.05,res_mid,roi,-0.3,100,5,0.0,0.3,0.95,60,0.01,0.01,0.02,0.0,0.25,0.05,0.1,1.0,1000.0,200,True,False,0.0,True,0.0,0.0,0.0,0.014606379981582828,0.28222478821092417,0.036112626093749434,253,0.019088862872158722,2.7696403194793624,0.019148029312325055,0.8823559518892388,0.013074424880974989,114,0.017172698363373,3.658179143260601,0.01687720464695394,-0.002156715999707016,-0.8164185778800589,0.0038235398799846276,2.0,0.006866451786252965,0.8597945348800635
I9,kelly=0.25 max_bet=0.1,res_mid,roi,-0.3,100,5,0.0,0.3,0.95,60,0.01,0.01,0.02,0.0,0.25,0.1,0.1,1.0,1000.0,200,True,False,0.0,True,0.0,0.0,0.0,0.014606379981582828,0.28222478821092417,0.036112626093749434,253,0.019088862872158722,2.7696403194793624,0.019148029312325055,0.8823559518892388,0.013074424880974989,114,0.017172698363373,3.658179143260601,0.01687720464695394,-0.002156715999707016,-0.8164185778800589,0.0038235398799846276,2.0,0.006866451786252965,0.8597945348800635
I9,kelly=0.5 max_bet=0.05,res_mid,roi,-0.3,100,5,0.0,0.3,0.95,60,0.01,0.01,0.02,0.0,0.5,0.05,0.1,1.0,1000.0,200,True,False,0.0,True,0.0,0.0,0.0,-0.0026421681247657813,-0.032422509098643026,0.07548237511684752,186,0.019088862872158722,2.7696403194793624,0.010363195988843995,0.34696548074628464,0.02099629217508392,67,0.017172698363373,3.658179143260601,-inf,-0.0043248602934629465,-0.8193320531080667,0.007630866835372285,2.0,0.006866451786252965,0.8597945348800635
I9,kelly=0.5 max_bet=0.1,res_mid,roi,-0.3,100,5,0.0,0.3,0.95,60,0.01,0.01,0.02,0.0,0.5,0.1,0.1,1.0,1000.0,200,True,False,0.0,True,0.0,0.0,0.0,-0.0025077421472831304,-0.030763023298543184,0.07548237511684752,186,0.019088862872158722,2.7696403194793624,0.010363195988843995,0.34696548074628464,0.02099629217508392,67,0.017172698363373,3.658179143260601,-inf,-0.0043248602934629465,-0.8193320531080667,0.007630866835372285,2.0,0.006866451786252965,0.8597945348800635
I9,kelly=0.75 max_bet=0.05,res_mid,roi,-0.3,100,5,0.0,0.3,0.95,60,0.01,0.01,0.02,0.0,0.75,0.05,0.1,1.0,1000.0,200,True,False,0.0,True,0.0,0.0,0.0,-0.01097886061537709,-0.10893690602563301,0.10378099028814447,169,0.019088862872158722,2.7696403194793624,0.01908511793234845,0.5189780421952427,0.026447271793364924,45,0.017172698363373,3.658179143260601,-inf,-0.006503261928939547,-0.822064651052076,0.01142230462983318,2.0,0.006866451786252965,0.8597945348800635
I9,kelly=0.75 max_bet=0.1,res_mid,roi,-0.3,100,5,0.0,0.3,0.95,60,0.01,0.01,0.02,0.0,0.75,0.1,0.1,1.0,1000.0,200,True,False,0.0,True,0.0,0.0,0.0,-0.01083104846179602,-0.10743818680872659,0.10378099028814447,169,0.019088862872158722,2.7696403194793624,0.01908511793234845,0.5189780421952427,0.026447271793364924,45,0.017172698363373,3.658179143260601,-inf,-0.006503261928939547,-0.822064651052076,0.01142230462983318,2.0,0.006866451786252965,0.8597945348800635
I9,kelly=1.0 max_bet=0.05,res_mid,roi,-0.3,100,5,0.0,0.3,0.95,60,0.01,0.01,0.02,0.0,1.0,0.05,0.1,1.0,1000.0,200,True,False,0.0,True,0.0,0.0,0.0,-0.06544026402621791,-0.5391947670182732,0.15440127914732316,160,0.019088862872158722,2.7696403194793624,0.012978766709386216,0.31609496005270765,0.032137672868698064,35,0.017172698363373,3.658179143260601,-inf,-0.00394136914106523,-0.4425885528139908,0.0102484458058828,1.0,0.006866451786252965,0.8597945348800635
I9,kelly=1.0 max_bet=0.1,res_mid,roi,-0.3,100,5,0.0,0.3,0.95,60,0.01,0.01,0.02,0.0,1.0,0.1,0.1,1.0,1000.0,200,True,False,0.0,True,0.0,0.0,0.0,-0.06521481836914535,-0.5370590420042559,0.15440127914732316,160,0.019088862872158722,2.7696403194793624,0.012978766709386216,0.31609496005270765,0.032137672868698064,35,0.017172698363373,3.658179143260601,-inf,-0.00394136914106523,-0.4425885528139908,0.0102484458058828,1.0,0.006866451786252965,0.8597945348800635
I9,kelly=1.5 max_bet=0.05,res_mid,roi,-0.3,100,5,0.0,0.3,0.95,60,0.01,0.01,0.02,0.0,1.5,0.05,0.1,1.0,1000.0,200,True,False,0.0,True,0.0,0.0,0.0,-0.06867282627491032,-0.5005037072753015,0.16230247272150544,143,0.019088862872158722,2.7696403194793624,0.018245999728728597,0.3404450216362309,0.03732801607755232,28,0.017172698363373,3.658179143260601,-inf,-0.005929125808500362,-0.44541161328992723,0.01528693500901257,1.0,0.006866451786252965,0.8597945348800635
I9,kelly=1.5 max_bet=0.1,res_mid,roi,-0.3,100,5,0.0,0.3,0.95,60,0.01,0.01,0.02,0.0,1.5,0.1,0.1,1.0,1000.0,200,True,False,0.0,True,0.0,0.0,0.0,-0.06843798671045571,-0.49854017184057375,0.16230247272150544,143,0.019088862872158722,2.7696403194793624,0.018245999728728597,0.3404450216362309,0.03732801607755232,28,0.017172698363373,3.658179143260601,-inf,-0.005929125808500362,-0.44541161328992723,0.01528693500901257,1.0,0.006866451786252965,0.8597945348800635
I10,stress exec_cost=0.015 latency=60s,res_mid,roi,-0.3,100,5,0.0,0.3,0.95,60,0.01,0.015,0.02,0.0,0.25,0.05,0.1,1.0,1000.0,200,True,False,0.0,True,0.0,0.0,0.0,-0.009034498713735373,-0.1872684915069567,0.0489864613783878,138,0.013558109012577719,2.3574626496597237,0.0017441380019096262,0.5282975277398538,0.0032230080364767932,26,0.01227750349399818,3.105360508809319,-inf,-0.004473397712647744,-1.258428064803021,0.004835051983471894,6.0,0.002266962083276937,0.7400928056734752
I10,stress exec_cost=0.02 latency=60s,res_mid,roi,-0.3,100,5,0.0,0.3,0.95,60,0.01,0.02,0.02,0.0,0.25,0.05,0.1,1.0,1000.0,200,True,False,0.0,True,0.0,0.0,0.0,-0.025814303675441654,-0.8232849167287353,0.03823765771023202,71,0.007780552974802313,2.0111754932731007,-3.502987183858663e-05,-0.5386723587270394,0.00010735796687777466,1,0.005552684102809236,2.4476631524167622,-inf,-0.004925318433043522,-1.7135255684733974,0.005408839790367992,4.0,0.00011611558493567852,0.6706283842510238
I10,stress exec_cost=0.01 latency=600s,res_mid,roi,-0.3,100,5,0.0,0.3,0.95,600,0.01,0.01,0.02,0.0,0.25,0.05,0.1,1.0,1000.0,200,True,False,0.0,True,0.0,0.0,0.0,0.03213416307835852,0.5666554887094581,0.03143458420529244,275,0.01901375015310502,2.7906554322589407,0.00882395591027988,0.9500177788671839,0.0059891816237490625,67,0.01730881204816023,3.605280706769768,0.0204790594943192,-0.0031973033767795844,-0.708069266437044,0.0064134025033359965,5.0,0.008011391526632933,0.8602209393818295
I10,stress exec_cost=0.01 latency=3600s,res_mid,roi,-0.3,100,5,0.0,0.3,0.95,3600,0.01,0.01,0.02,0.0,0.25,0.05,0.1,1.0,1000.0,200,True,False,0.0,True,0.0,0.0,0.0,0.0844829511194426,1.218699688487706,0.04318052396001537,353,0.019946297200076953,2.8946415392471554,-0.0006044778623101231,-0.2324540625059722,0.0025151379039569655,10,0.017631184266774912,3.6689154515727687,-inf,-0.0007800928335943037,-0.9431966254311948,0.0009329802810569277,1.0,0.003011597804387576,0.6487682453371649
